nome,cpf,nascimento,email,telefone
Nina Gonçalves,476.289.130-40,1968-04-13,dda-paz@example.net,+55 (011) 3186 3593
Ana Beatriz Sales,128.490.765-11,1978-04-02,luiz-henrique20@example.org,(031) 3648-1573
Sr. Luiz Fernando Mendes,075.419.386-10,1997-08-13,nataliajesus@example.org,+55 (041) 7256-7829
Marcelo Mendes,038.427.651-26,1995-10-01,diasyuri@example.net,(041) 5357-6031
Mirella Alves,364.920.817-22,1984-06-11,lmoraes@example.net,0800-594-6426
Matheus da Costa,219.640.358-05,1976-07-01,luiz-miguelda-mata@example.org,+55 (011) 1738 7984
Ana Lívia Nogueira,237.946.810-96,1994-06-08,lorenzo47@example.org,(061) 6490 3119
Eduardo Cardoso,784.065.213-17,2001-05-20,joao41@example.org,+55 (041) 7567 5286
Gabriela Cardoso,715.930.648-10,1977-02-16,carlos-eduardonogueira@example.org,+55 (071) 2117 2700
Nicole Cunha,932.750.416-06,1969-10-18,poliveira@example.net,81 0248 0375
Helena da Mota,450.863.972-00,1992-11-06,raul03@example.net,+55 31 1872 8957
Gustavo Costela,263.910.478-04,1970-12-22,nuneskaique@example.org,21 1704 6398
Fernanda da Paz,437.569.120-43,2001-03-21,peixotoisadora@example.net,61 8333-9216
Sra. Bárbara Moura,176.039.254-52,1972-11-23,portoluigi@example.org,(041) 6451-5623
Dra. Giovanna Silveira,726.801.934-31,1990-06-19,camila82@example.net,+55 31 2184-6820
Helena Cardoso,960.351.287-77,1985-02-09,nicolas57@example.net,0500-978-7262
Eduardo Almeida,675.892.340-10,1967-10-17,joao-miguel96@example.org,(031) 5785-2645
Dr. Murilo Peixoto,052.378.469-47,1989-06-23,emanuel97@example.com,(021) 5813 1724
Ana Lívia Nogueira,593.472.061-99,1964-01-11,carvalhomarcelo@example.net,+55 (071) 4127 5876
Dra. Sophie Caldeira,038.562.917-68,1991-04-03,zmonteiro@example.com,(021) 1123-0863
Luigi da Costa,941.876.352-46,1983-12-16,ccastro@example.com,+55 81 5806 5128
Julia Carvalho,012.648.539-98,1965-08-04,ramossophie@example.net,(071) 2226-4880
Luiza Novaes,731.056.289-59,1984-02-13,bda-conceicao@example.net,61 3870-3457
Luiz Fernando Cavalcanti,517.968.204-58,1967-05-17,isabella02@example.net,(071) 6645 1055
Davi Luiz Aragão,805.643.912-98,2005-05-29,agatha40@example.com,+55 (071) 6516 4561
Vinicius Ferreira,052.478.316-08,1984-01-24,igorazevedo@example.net,+55 (011) 9619 7089
Sr. Theo Pinto,748.506.321-90,1972-06-03,thomas66@example.net,+55 21 1237 0739
Maitê Cunha,038.291.657-30,1977-01-13,ramoskaique@example.org,+55 (081) 1940 4543
Rafael Peixoto,875.192.430-79,2000-06-13,fernandaviana@example.com,+55 11 6959-9917
André Costa,596.873.241-55,1982-11-24,maysamoreira@example.net,+55 31 2053 7249
Caroline Monteiro,904.267.318-40,1968-03-28,fariasthales@example.org,(051) 1421 0711
Maria Alice Costa,483.905.672-29,1992-06-21,amandanunes@example.org,+55 31 2454 8413
Pedro Lucas Pinto,469.738.251-09,1996-12-03,mcaldeira@example.org,71 2735 3480
Kamilly Rezende,856.734.102-71,1963-08-17,dlopes@example.org,11 3424 0951
João Miguel Fogaça,286.045.931-60,2002-11-10,efreitas@example.net,+55 (081) 4056-7605
Alícia da Mota,026.358.791-68,1975-10-16,fernandeslara@example.org,71 1829-3478
Thiago Almeida,790.156.248-01,2003-06-18,santosthales@example.org,+55 51 9518 1703
Sr. João Pedro da Mota,026.983.745-00,2005-08-03,vicenteazevedo@example.com,41 1695-3156
Isaac Cunha,357.169.082-68,1971-01-25,tvieira@example.com,+55 51 3582 0756
Nathan Cavalcanti,392.610.784-78,1995-12-13,zvieira@example.com,+55 (031) 6399 6062
Gabriela Freitas,045.972.381-23,1965-01-13,diasalexandre@example.org,84 8708 9384
Sr. Gabriel Mendes,178.523.469-28,1966-10-17,ana-laura24@example.com,0800-702-0229
Maria Julia Moraes,145.780.392-50,1981-11-05,npereira@example.org,+55 81 9046-9315
Maria Eduarda Carvalho,075.681.349-20,1976-10-27,enrico65@example.com,+55 21 1434 0772
Maysa Costa,485.026.913-33,1971-01-08,eloahda-mata@example.org,+55 81 2128 5664
Camila Ribeiro,963.872.401-31,1994-09-22,alvessamuel@example.net,(011) 8686-3733
Lucas Dias,501.372.869-02,1996-06-11,ycostela@example.net,+55 (021) 7884 5666
Thales Cardoso,683.907.254-10,1990-01-29,cavalcantienzo@example.com,81 8215-2797
Maria Luiza Costa,840.567.913-84,1963-03-16,yagoaraujo@example.net,71 2981-0718
Theo da Paz,257.304.981-79,1969-01-31,maria-vitoriadias@example.org,61 0779-0233
Ian Oliveira,048.536.279-10,1969-01-22,mduarte@example.org,0300-710-3279
Sr. Bernardo da Rocha,042.197.836-87,1996-06-16,azevedomaria-fernanda@example.net,+55 11 8268-1066
Sr. Luiz Otávio Moura,869.312.570-21,1998-12-12,calebenovaes@example.com,71 3295 8227
Rebeca Duarte,182.954.706-20,1973-03-09,xalmeida@example.com,+55 11 4858-6714
Luiz Henrique Duarte,680.134.975-93,1979-09-01,fernandesesther@example.org,0300-457-3765
Sra. Larissa Melo,143.802.576-90,1997-01-13,maria-cecilia93@example.com,21 9026 3670
Augusto Pinto,139.845.076-66,1972-09-21,gustavo-henrique63@example.org,+55 84 0434 3462
Benício Rezende,892.671.534-55,1978-12-31,gcavalcanti@example.net,+55 (061) 5160 5227
Luana Araújo,916.805.374-66,1990-06-21,mendesraquel@example.com,31 8200-3725
Lucca da Mata,798.261.435-37,1987-12-12,leonardo05@example.org,(081) 1756-4033
Maria Sophia Vieira,403.678.259-29,2002-01-22,vitor-gabriel40@example.org,+55 (011) 1996 2930
Isis Teixeira,529.634.078-74,1972-11-26,anthonyrodrigues@example.com,+55 31 3026-9003
Ryan Silveira,387.592.410-04,1991-09-28,renan39@example.org,71 4590-2259
Eduardo Carvalho,209.783.516-30,1993-09-02,santoslucas@example.org,81 9882-7079
Matheus Lopes,260.954.781-11,1969-08-24,da-matadavi-lucas@example.net,+55 21 6078-3215
Luiz Fernando Costela,936.821.750-59,1994-08-05,cunhajulia@example.com,+55 (081) 7679 7837
Helena Ribeiro,472.839.601-04,1987-11-12,barbosamarina@example.com,(061) 9186-2560
João Gabriel Freitas,198.542.630-70,1983-08-07,theobarros@example.com,0300 713 5230
Srta. Isadora da Conceição,276.094.835-83,1996-12-20,xnovaes@example.net,(041) 0692-7552
Vitor Hugo Viana,652.789.140-76,1975-06-16,caue62@example.com,+55 (071) 0653-2777
Clara Nogueira,487.561.290-76,1999-05-02,maria-clara21@example.net,41 2396-6263
Dr. Kevin Correia,398.702.146-22,1965-07-22,sarahcunha@example.org,+55 (031) 1313 5936
Maria Eduarda da Conceição,701.985.243-23,1986-08-29,sofia33@example.com,(011) 2994 5908
Srta. Joana Moreira,836.521.940-98,1981-02-27,carlos-eduardo52@example.com,41 4100 3061
Luana Vieira,485.301.279-60,1993-11-10,luiz-henrique91@example.com,+55 (031) 7840 0606
Clarice Nogueira,038.147.925-05,1979-08-21,livia98@example.com,(061) 0474-0504
Enrico da Cunha,853.642.917-82,2003-04-05,aragaobenjamin@example.org,(051) 5706-8317
Sr. Matheus Ferreira,130.456.972-16,2001-03-16,joaquim59@example.net,84 2961 8996
Eduarda Fernandes,401.267.938-40,1986-08-01,lais26@example.net,0300 486 5640
Sra. Nina Ferreira,476.031.285-44,1971-01-07,nsantos@example.net,+55 (051) 7480-8234
Alana Cunha,769.384.521-64,1995-03-17,rezendegiovanna@example.net,+55 (011) 8122 9475
Maria Eduarda Ferreira,267.340.819-31,1987-10-04,leticia80@example.com,+55 21 4113 0473
Sr. Augusto Oliveira,978.250.634-65,1989-05-02,caroline08@example.com,+55 31 0264 8858
Isis Rezende,594.230.168-98,2004-01-17,silveiravinicius@example.org,0500 271 4207
Maria Clara Lopes,765.049.318-01,1975-12-07,lunapereira@example.org,0300-676-3235
Bryan da Mata,720.841.359-23,1967-06-13,azevedostephany@example.com,(071) 0275-0065
Pedro da Mata,586.102.743-90,1989-01-02,lucasbarbosa@example.com,+55 21 4628 1613
Erick Gonçalves,367.280.549-10,1981-04-07,ferreiraluiz-fernando@example.com,0500-403-4399
Marina Silveira,320.814.956-51,1997-03-26,kaique55@example.net,(061) 8593-0762
Carolina Moraes,469.180.237-13,1964-06-05,rebecateixeira@example.com,(021) 5956-0638
Sra. Ana Carolina Fernandes,519.847.302-23,1993-09-19,ramosalice@example.net,+55 84 6618 7028
Heloísa da Cruz,923.460.817-87,1985-06-28,pietrosales@example.org,+55 (071) 5431 7364
Mariana Farias,542.173.698-91,1999-12-03,lmoreira@example.org,81 5822 9067
Davi Cavalcanti,361.598.074-39,1980-03-29,xdias@example.com,61 3162-6317
Bruna Gonçalves,319.056.284-98,1979-12-03,nicolas13@example.net,(061) 4235-9955
Julia Lopes,871.542.903-23,1990-07-09,sophiebarros@example.org,31 3585 9399
Beatriz da Paz,491.653.872-28,1970-09-27,bcostela@example.net,+55 (031) 0726 2751
Leonardo Cavalcanti,308.245.967-65,1988-07-25,costelathomas@example.net,+55 81 7783 9334
Joaquim Pires,694.175.382-09,1977-09-05,ana-beatrizaraujo@example.com,(084) 9810-4348
Sr. Cauã da Rocha,725.963.018-30,1982-11-18,nduarte@example.net,(031) 2966 9719
Lavínia Gomes,586.739.420-47,1963-07-18,nogueirabeatriz@example.com,0300-461-6999
Heloísa Correia,359.680.714-00,2005-07-23,duarteleandro@example.com,+55 71 3268 7527
Marcos Vinicius da Mata,640.973.158-20,1964-11-13,lopesmilena@example.com,+55 (041) 8839-3434
Maria Clara da Cruz,509.168.473-57,1971-01-24,fcaldeira@example.org,(081) 6441-0563
Evelyn Lima,901.236.548-15,1989-05-10,das-nevesmaria@example.net,41 6237-5854
Stella Oliveira,962.340.857-92,1964-07-22,ana-juliada-luz@example.com,+55 61 6688 9637
Srta. Agatha Cardoso,219.643.705-07,1988-09-29,fmelo@example.net,0800 676 0406
Srta. Larissa Dias,423.789.605-65,1975-02-13,valentina52@example.com,0800 502 5041
Pedro Lucas Oliveira,065.893.172-59,1987-11-16,pereiraleonardo@example.net,+55 (041) 4019-9941
Lorena Oliveira,546.139.072-25,1979-10-09,helenada-mata@example.org,+55 (031) 9789-4076
Vitor Hugo Pires,063.591.487-57,1973-05-11,kgomes@example.org,+55 (031) 2419-2218
Luiz Gustavo Martins,078.921.364-87,1978-05-24,vitorda-conceicao@example.net,+55 (081) 8430-3118
Sophie Moura,429.306.817-13,1988-10-07,apereira@example.net,+55 71 0077-8220
Letícia Costa,796.325.184-46,2005-08-22,pporto@example.com,(041) 5356-6987
Leonardo Freitas,238.714.059-14,1968-04-04,melojoao-guilherme@example.net,71 1919-6859
Isabelly Fernandes,872.415.903-41,1963-03-07,rsouza@example.com,+55 (011) 8713-8403
Brenda Freitas,230.654.871-44,1975-05-03,vitorpires@example.com,+55 41 0647-7845
João Felipe Melo,620.845.719-01,1975-07-02,thiagoaraujo@example.org,31 6708 2759
Sra. Gabrielly Sales,840.379.261-13,1986-05-20,dcardoso@example.org,+55 (071) 5152-3039
Joaquim Duarte,367.108.592-40,1964-08-20,sarahda-rosa@example.net,+55 (061) 5672-0491
Maria Silva,208.751.649-94,1998-06-17,leandromoreira@example.org,(084) 9270 6117
Ana Sophia Viana,561.930.728-02,1971-02-01,carvalhothiago@example.com,+55 71 4039 5357
Srta. Ana Carolina Moreira,269.754.103-99,1988-07-30,pietra95@example.net,21 4930 3276
Sr. Alexandre Cardoso,104.358.672-53,1974-02-24,lrocha@example.com,71 5479-9038
Luana Ramos,876.540.129-85,1971-07-05,sgoncalves@example.net,+55 31 6837-6515
Bárbara Nascimento,527.039.846-00,1994-02-14,caleberezende@example.net,+55 71 0001 9741
Luiz Felipe Cardoso,901.243.865-98,1998-08-17,osilveira@example.com,+55 (071) 2542 2363
Breno Araújo,926.538.017-95,1997-11-07,nicolasoliveira@example.com,84 5270 4382
Mariane Cardoso,519.672.483-46,1972-09-29,larissasouza@example.com,+55 (084) 5349-0852
Kevin da Paz,094.618.725-85,1989-04-21,bianca85@example.net,(061) 8726-1741
Dra. Ana Silva,013.249.786-78,1976-07-28,rodriguesgabriela@example.org,41 4436-1438
Carolina Santos,739.680.254-74,1966-03-25,julia05@example.org,(051) 4995-0753
Sra. Rafaela das Neves,651.420.938-60,1999-11-19,carolinacavalcanti@example.org,(041) 8841 0031
Isabella Farias,093.416.275-16,1964-10-10,ana-sophiaramos@example.net,(051) 7948 0490
Thales das Neves,806.357.149-57,1997-10-01,souzaana-carolina@example.org,11 9872 9929
Otávio Moura,827.613.059-30,1995-01-05,zcastro@example.net,(071) 8651 9695
Alexia Rodrigues,015.924.673-34,2002-10-19,gustavo66@example.org,+55 11 9874-9743
Sofia Nascimento,620.491.873-78,1976-11-28,psilveira@example.com,51 6421 2526
Pietra Campos,073.182.965-40,1993-04-24,maria-claradas-neves@example.com,(081) 9217-9384
Heloísa Castro,425.691.830-24,2000-05-06,wferreira@example.org,0300-821-9942
Marcela Jesus,968.257.043-38,2004-11-19,calves@example.net,0900-384-2753
Vitória das Neves,821.709.465-94,1973-06-13,olivia59@example.net,+55 61 5895 3809
Sophia Barros,954.826.713-64,1968-03-09,danielacosta@example.com,(081) 3993-9801
Emanuel Rezende,710.238.694-03,1969-09-21,clara30@example.org,(084) 5569-1193
Mariane da Cruz,964.275.301-43,1970-03-22,nuneseduarda@example.net,+55 11 2988-9162
Elisa Alves,154.932.607-43,1973-04-29,eduarda96@example.org,+55 (084) 0042 5060
Vitor Gabriel Pinto,417.809.623-04,1996-05-23,leticiapeixoto@example.net,(041) 7429 3930
Sr. Juan Lopes,962.150.847-94,1981-03-15,amonteiro@example.net,11 9720-0820
Ana Vitória Moraes,613.502.874-07,1994-03-12,ada-conceicao@example.net,0900 338 6881
Paulo Ribeiro,761.498.023-96,1978-07-03,qporto@example.org,+55 (021) 0207 4447
João Vitor Ramos,810.639.742-40,1969-04-01,qalves@example.net,(031) 0734-0917
Rebeca Moraes,563.214.897-19,1968-08-04,costabeatriz@example.org,+55 81 7551 7850
Yago Rodrigues,659.028.317-68,1979-06-29,yagofogaca@example.com,(011) 9150-4782
Sr. Luiz Gustavo Alves,493.251.067-52,1994-12-20,ferreiradavi@example.org,61 5496-7030
Davi Ribeiro,108.764.935-84,1984-06-22,da-luzmanuela@example.org,(051) 2174-8980
João Lucas Pires,312.570.469-34,1987-03-08,ninaoliveira@example.com,(071) 9537 0498
Sophie Almeida,048.561.923-70,1983-10-01,da-costalivia@example.org,(061) 2110-9087
Vicente Araújo,739.564.201-52,1982-01-17,bda-luz@example.org,+55 21 9912 0845
Thiago Sales,408.236.579-65,1995-12-29,sarahda-cruz@example.net,84 7195-7564
Milena Barros,825.637.904-92,1986-08-13,xcosta@example.net,+55 11 1530-3239
Mariana Almeida,312.865.704-17,2004-04-12,alicia85@example.com,+55 (031) 6334 5166
Isabella da Paz,184.730.529-60,1997-06-16,juan89@example.net,0900-552-2983
Sr. João Melo,627.091.854-58,1983-03-10,rebeca39@example.com,21 0415 8442
Dra. Maria Sophia Silva,240.981.365-89,1977-11-08,andrepires@example.com,0300 368 6650
Yuri Pereira,631.542.908-42,1991-08-09,isaac37@example.com,0500 099 0373
Sarah da Rosa,842.395.107-32,1997-12-21,gabrielly29@example.net,(051) 4006 5497
Sra. Olivia Nascimento,365.094.182-15,1983-03-18,das-nevesthomas@example.com,0900-834-8623
Breno da Costa,649.517.328-82,1997-08-04,da-conceicaostella@example.net,+55 84 3277-4380
André Cardoso,684.720.513-07,1992-02-09,osales@example.org,0500-643-1146
Gustavo Henrique Aragão,094.153.826-51,1989-05-07,alicia14@example.org,(041) 8469-1809
Bernardo Souza,617.508.923-59,2000-12-06,juliateixeira@example.org,84 8848-3641
Gabriela Moreira,591.304.276-06,1982-11-16,pduarte@example.org,+55 84 1488 8081
Melissa Lopes,012.493.765-99,1998-10-21,correiatheo@example.org,(011) 0313 7213
Sra. Agatha Teixeira,561.423.907-34,1965-06-09,diasemanuelly@example.com,71 7341-3310
Luiz Henrique da Mata,640.732.891-87,1966-01-25,eda-costa@example.org,41 1177-2850
Sr. Luiz Henrique Nunes,714.236.059-34,1965-08-15,zpeixoto@example.com,+55 71 5793 8846
Renan Aragão,890.231.756-03,1984-03-09,yasminsilva@example.net,(011) 2063 3132
Ana Julia da Paz,942.306.157-52,2000-08-25,caiofogaca@example.com,+55 (061) 2874 3158
Dr. Alexandre Nunes,549.671.038-39,1974-08-14,samuel82@example.org,+55 31 1816 8463
Pedro Lucas Nogueira,964.072.853-56,1984-08-28,luigimonteiro@example.com,+55 61 8850 3602
Fernando Mendes,546.831.709-57,1964-02-05,pda-mata@example.net,0800 735 3043
Diogo da Cunha,603.451.827-07,1989-02-25,silvaisaac@example.org,(031) 5798 4701
Miguel Peixoto,297.318.604-87,1982-03-01,asantos@example.com,+55 (061) 9800-5024
Srta. Daniela Dias,243.910.658-51,1971-02-08,ealmeida@example.net,+55 (041) 2861-5008
Ana Laura da Rocha,127.435.986-46,1968-05-03,isaaccunha@example.net,81 7739 6471
Carolina Rodrigues,436.985.071-10,1970-04-09,ferreiravitor-gabriel@example.net,0800-492-5284
Srta. Isis Moraes,186.290.753-68,1999-11-03,yasminda-cunha@example.com,+55 31 7855 6489
Eduarda Pinto,523.617.840-17,1985-09-30,uribeiro@example.com,81 3260 3365
Davi Lucas da Costa,671.439.025-43,1999-02-09,aliciagoncalves@example.com,0500 513 1467
Camila Silveira,524.731.689-46,1999-10-24,pfarias@example.com,+55 21 7941-1837
João Miguel Moraes,216.405.893-33,1989-06-13,nicolemonteiro@example.net,+55 81 2356 9984
Samuel da Mata,245.689.173-28,1994-07-18,luiz-gustavo46@example.org,(061) 1319-8580
Mariana Rezende,603.458.297-00,1977-08-03,vcastro@example.com,84 1501 7083
Dr. Pedro Miguel Costa,659.871.423-00,1984-07-23,alice53@example.net,+55 (084) 1642 7644
Erick Rodrigues,702.941.865-49,1964-11-12,agathafreitas@example.net,+55 41 6738-2286
Heitor Rezende,789.541.062-85,1986-03-23,maria-ceciliapires@example.net,0800 771 8435
Clara Ferreira,589.306.417-84,1977-07-07,nicole20@example.com,0300-185-3572
Cecília Duarte,315.207.846-35,2005-03-09,ana-julia62@example.org,+55 31 5672-7201
Renan Costa,947.015.328-60,1977-07-08,murilo49@example.com,0300-069-7706
Maria Cecília Cunha,258.709.461-58,1973-05-08,da-rosaolivia@example.org,+55 (031) 8161 5119
Juan Sales,238.190.564-24,2000-10-08,isabellyalves@example.org,0500 638 2115
Rafael da Costa,183.724.569-09,1987-12-30,ribeirodaniel@example.com,+55 31 2975-2674
Alícia da Conceição,012.569.483-06,1998-10-06,pferreira@example.net,(051) 5402 8656
Gabriela da Cruz,471.650.829-30,1985-10-16,nogueiraaugusto@example.com,(021) 8449-7335
Vicente da Mata,986.415.372-28,1984-11-18,maria-julia81@example.net,(051) 7186-9165
Emanuelly Alves,480.132.659-51,1995-12-16,lorenzopires@example.org,+55 81 1220-6167
Dra. Luiza da Rosa,823.147.609-13,2000-06-09,gustavo-henriquevieira@example.com,84 1067 4309
Isaac Ferreira,419.625.783-64,1964-03-14,ecardoso@example.com,71 9831 8867
Kevin Costa,142.865.970-67,1966-02-03,da-motamariane@example.org,+55 (021) 0718-6113
Sophia Aragão,591.247.608-11,2000-11-22,almeidaarthur@example.org,+55 81 7895-7915
Sr. Thiago Vieira,853.194.762-64,1983-04-08,luiza84@example.org,+55 11 0306-1260
Dra. Ana Lívia Campos,791.642.583-19,1982-05-24,francisco97@example.net,+55 31 6380-5385
Emilly Rezende,092.816.753-40,1997-02-20,leticia41@example.net,11 8257-4668
Igor Ribeiro,567.492.831-28,1985-12-15,raulpinto@example.net,0800 259 1689
Dr. João Felipe da Mota,293.016.857-95,1970-04-26,fdias@example.net,(031) 6390 4798
Brenda Pires,834.052.619-70,1993-04-06,gcavalcanti@example.net,0800 031 7827
Lavínia Silva,284.735.610-07,1994-04-09,vcardoso@example.com,+55 (071) 1941 7632
Enzo Gabriel Souza,809.341.672-22,1985-11-08,moreiracalebe@example.net,0500-231-6974
Sr. Anthony da Mota,165.307.249-07,1972-12-17,theo30@example.net,+55 (051) 5309 2486
Diego da Cruz,597.480.163-66,1991-06-14,nunesmariane@example.org,+55 (011) 9328-2334
João Felipe Nascimento,417.302.968-31,2001-07-04,carvalhojoao@example.com,81 2654-8247
Srta. Vitória Fogaça,728.196.053-03,1983-08-01,monteirobianca@example.net,+55 41 5355-9042
Manuela da Cunha,918.375.624-82,2004-04-18,flopes@example.com,0900 238 4631
Sra. Laura Pires,506.917.382-03,1982-12-21,marianevieira@example.net,+55 81 4699 9402
Maria Eduarda Sales,182.946.530-98,1988-12-12,nicole96@example.org,+55 81 2052-2650
Dra. Alícia Campos,402.935.718-05,1970-06-25,qcunha@example.net,+55 (061) 6337 3156
Guilherme Novaes,524.837.916-46,1995-09-03,pcostela@example.org,0800 525 8601
Igor Lopes,012.873.549-04,1974-12-11,joaquim33@example.net,11 4563 6198
Milena da Mota,398.420.756-56,1987-10-15,mouradiogo@example.com,+55 51 2677 6385
Dr. Augusto da Paz,902.176.348-69,1981-04-27,pedrogomes@example.com,81 4681-5758
Sra. Daniela Souza,917.540.368-48,1990-04-29,dcardoso@example.org,21 5046-6145
Ana Vitória Campos,305.871.426-26,1977-12-03,duartemaria-clara@example.net,0500-210-6532
Maria Julia Lima,283.064.571-53,1977-01-20,wda-luz@example.net,+55 61 4972 4591
Francisco Jesus,847.632.501-08,1974-12-27,helenaporto@example.org,+55 (031) 4141 4192
Dr. Erick Costa,526.139.780-40,1987-03-13,diogogomes@example.net,(071) 5015 1113
Henrique Ribeiro,398.742.650-00,1999-06-30,da-pazrebeca@example.net,+55 41 2549-5142
Maria Julia Silva,524.139.708-60,1970-10-30,rafaela48@example.com,(041) 7430-2379
Rafael Campos,128.430.679-87,1963-06-06,ana-sophiamoura@example.net,+55 31 4460 4424
